canonical_id	record_id	organism_guess	species_folder	functional_category_initial	Puntaje Extracelular	Score NLS	Cantidad NLS	Start	Stop	Secuencia NLS	Substrate	Possible Secretion System	Anotación funcional BLAST	Anotación funcional PSI-BLAST	Anotación funcional DELTA-BLAST	Anotación funcional Alphafold2:Foldseek	combined_functional_annotation	manual_category_review	priority_level	priority_notes
CP058272.1_2646	ENA|CP058272|CP058272.1_2646	Acinetobacter_guillouiae	Acinetobacter guillouiae	cell_wall_envelope	0.358	0.735	1.0	237.0	241.0	KKDKK	Yes	I II III IV VI	LysM peptidoglycan-binding domain-containing protein	LysM peptidoglycan-binding domain-containing protein [Acinetobacter guillouiae]	LysM peptidoglycan-binding domain-containing protein [Acinetobacter]	LysM domain-containing protein	LysM peptidoglycan-binding domain-containing protein | LysM peptidoglycan-binding domain-containing protein [Acinetobacter guillouiae] | LysM peptidoglycan-binding domain-containing protein [Acinetobacter] | LysM domain-containing protein			
JAFBBF010000001.1_91	JAFBBF010000001.1_91	Chryseobacterium_scophthalmum	Chryseobacterium scophthalmum	cell_wall_envelope	0.96	0.832	1.0	236.0	254.0	RGVPKAKGSPAAAKPASKK	Yes	II VI	Hypothetical protein	D-Ala-D-Ala carboxypeptidase family metallohydrolase [Chryseobacterium sp. KACC 21268] 	D-Ala-D-Ala carboxypeptidase family metallohydrolase [Chryseobacterium sp. KACC 21268] 	Peptidase_M23 domain-containing protein	Hypothetical protein | D-Ala-D-Ala carboxypeptidase family metallohydrolase [Chryseobacterium sp. KACC 21268] | D-Ala-D-Ala carboxypeptidase family metallohydrolase [Chryseobacterium sp. KACC 21268] | Peptidase_M23 domain-containing protein			
CP058554.1_1138	ENA|CP058554|CP058554.1_1138	Comamonas_piscis	Comamonas piscis	cell_wall_envelope	0.343	0.966	1.0	216.0	241.0	RHGRTRAVLPANKARAKAAPAARRKK	Yes	II	Septal ring lytic transglycosylase RlpA family protein	Septal ring lytic transglycosylase RlpA family protein [Comamonas piscis]	Septal ring lytic transglycosylase RlpA family protein [Comamonas piscis]	Endolytic peptidoglycan transglycosylase RlpA	Septal ring lytic transglycosylase RlpA family protein | Septal ring lytic transglycosylase RlpA family protein [Comamonas piscis] | Septal ring lytic transglycosylase RlpA family protein [Comamonas piscis] | Endolytic peptidoglycan transglycosylase RlpA			
PCOC01000002.1_696	PCOC01000002.1_696	Ochrobactrum_vermis	Ochrobactrum vermis	cell_wall_envelope	0.866	0.781	1.0	138.0	147.0	KLLGRRRPSK	yes	I III VI	Hypothetical protein	Hypothetical protein	Hypothetical protein	Pectinesterase inhibitor domain-containing protein	Hypothetical protein | Hypothetical protein | Hypothetical protein | Pectinesterase inhibitor domain-containing protein			
CP058555.1_4528	ENA|CP058555|CP058555.1_4528	Sphingobacterium_multivorum	Sphingobacterium moltivorum	cell_wall_envelope	0.978	0.654	1.0	712.0	715.0	GRKK	no	-	Transglycosylase domain-containing protein	-	-	Penicillin-binding protein/Glycosyl transferase	Transglycosylase domain-containing protein | Penicillin-binding protein/Glycosyl transferase | matched 124056486: Putative transglycosylase H16_A0665			
NZ_SLYP02000001.1_888	NZ_SLYP02000001.1_888	Sphingomonas_molluscorum	Sphingomonas molluscorum	cell_wall_envelope	0.971	0.826	2.0	18.0	29.0	GRRARFRRIRRR	yes	II	Penicillin-binding protein 1A 	-	-	Penicillin-binding protein 1A/DD-transpeptidase	Penicillin-binding protein 1A | Penicillin-binding protein 1A/DD-transpeptidase | matched 124056486: Putative transglycosylase H16_A0665			
CP058272.1_2019	ENA|CP058272|CP058272.1_2019	Acinetobacter_guillouiae	Acinetobacter guillouiae	dna_rna_related	0.59	0.706	1.0	56.0	56.0	R	Yes	I III IV VI	Hypothetical protein	low molecular weight protein tyrosine phosphatase family protein [Herbaspirillum huttiense]	low molecular weight protein tyrosine phosphatase family protein [Herbaspirillum huttiense]	Putative transposase	Hypothetical protein | low molecular weight protein tyrosine phosphatase family protein [Herbaspirillum huttiense] | low molecular weight protein tyrosine phosphatase family protein [Herbaspirillum huttiense] | Putative transposase			
CP058272.1_2140	ENA|CP058272|CP058272.1_2140	Acinetobacter_guillouiae	Acinetobacter guillouiae	dna_rna_related	0.988	0.979	1.0	329.0	351.0	RHKERAEAKKQKRAEKKLIPKKK	Yes	I II III IV VI	Hypothetical protein	hypothetical protein	hypothetical protein	Ribosome-recycling factor	Hypothetical protein | hypothetical protein | hypothetical protein | Ribosome-recycling factor			
CP058554.1_3997	ENA|CP058554|CP058554.1_3997	Comamonas_piscis	Comamonas piscis	dna_rna_related	0.897	0.898	1.0	328.0	340.0	RKPRKPSSKPRKT	Yes	I III IV VI	Hypothetical protein	putative methyl transferase protein [Burkholderia sp. MSHR3999]	putative methyl transferase protein [Burkholderia sp. MSHR3999]	-	Hypothetical protein | putative methyl transferase protein [Burkholderia sp. MSHR3999] | putative methyl transferase protein [Burkholderia sp. MSHR3999]			
CP058554.1_4076	ENA|CP058554|CP058554.1_4076	Comamonas_piscis	Comamonas piscis	dna_rna_related	0.47	0.725	1.0	31.0	34.0	KKPK	Yes	II	Zinc ribbon domain-containing protein	zinc ribbon domain-containing protein [Comamonas sp.]	zinc ribbon domain-containing protein [Comamonas sp.]	Zinc-ribbon domain-containing protein	Zinc ribbon domain-containing protein | zinc ribbon domain-containing protein [Comamonas sp.] | zinc ribbon domain-containing protein [Comamonas sp.] | Zinc-ribbon domain-containing protein			
CP058553.1_986	ENA|CP058553|CP058553.1_986	Enterobacter_hormaechei	Enterobacter hormaechei	dna_rna_related	0.964	0.96	1.0	76.0	89.0	ERRPRKRKKAVAAK	No	-	Cell division protein DamX	-	- 	Cell division protein DamX	"Cell division protein DamX | Cell division protein DamX | ?? --> Extracellular ""1 internal helix found"""			
NZ_RJVC02000001.1_1820	NZ_RJVC02000001.1_1820	Lelliottia_amnigena	Lelliottia amnigena	dna_rna_related	0.626	0.954	1.0	77.0	89.0	ERRPRKRKKVAAK	no	-	Cell division protein DamX	-	cell division protein DamX [Lelliottia amnigena]	Cell division protein DamX	"Cell division protein DamX | cell division protein DamX [Lelliottia amnigena] | Cell division protein DamX | ?? --> Extracellular ""1 internal helix found"""			
PCOC01000002.1_806	PCOC01000002.1_806	Ochrobactrum_vermis	Ochrobactrum vermis	dna_rna_related	0.972	0.746	1.0	757.0	762.0	RSGKKK	yes	IV	SEL1-like repeat protein	-	-	Sel1 repeat family protein	"SEL1-like repeat protein | Sel1 repeat family protein | ?? --> Extracellular ""1 internal helix found"""			
JACAWY010000001.1_971	JACAWY010000001.1_971	Pantoea_nemavictus	Pantoea nemavictus	dna_rna_related	0.631	0.661	1.0	207.0	211.0	RKKIK	no	-	IS5 family transposase	IS5 family transposase [Yersinia enterocolitica]	IS5 family transposase [Roseobacter sp.]	Transposase	IS5 family transposase | IS5 family transposase [Yersinia enterocolitica] | IS5 family transposase [Roseobacter sp.] | Transposase			
CP059139.1_4175	CP059139.1_4175	Pseudomonas_berkeleyensis	Pseudomonas berkeleyensis	dna_rna_related	0.522	0.854	1.0	4.0	32.0	KAAKRPNKAKSIVAQPLFRSRQERPQKGK	yes	I III VI	ribosome alternative rescue factor ArfA	ribosome alternative rescue factor ArfA [Pseudomonas berkeleyensis]	-	-	ribosome alternative rescue factor ArfA | ribosome alternative rescue factor ArfA [Pseudomonas berkeleyensis]			
CP023272.1_5331	ENA|CP023272|CP023272.1_5331	Pseudomonas_lurida	Pseudomonas lurida	dna_rna_related	0.397	0.846	1.0	119.0	124.0	KPKKKK	no	-	Superfamily II DNA/RNA helicase	Superfamily II DNA/RNA helicase [Pseudomonas sp. R5-89-07]	Superfamily II DNA/RNA helicase [Pseudomonas sp. R5-89-07]	Helicase	Superfamily II DNA/RNA helicase | Superfamily II DNA/RNA helicase [Pseudomonas sp. R5-89-07] | Superfamily II DNA/RNA helicase [Pseudomonas sp. R5-89-07] | Helicase			
CP058555.1_4481	ENA|CP058555|CP058555.1_4481	Sphingobacterium_multivorum	Sphingobacterium moltivorum	dna_rna_related	0.591	0.705	1.0	34.0	41.0	PKKTKKKP	yes	IV VI	DUF6266 family protein	DUF6266 family protein	DUF6266 family protein	Thiopurine S-methyltransferase (TPMT)        	DUF6266 family protein | DUF6266 family protein | DUF6266 family protein | Thiopurine S-methyltransferase (TPMT)			
JAFBBF010000001.1_2824	JAFBBF010000001.1_2824	Chryseobacterium_scophthalmum	Chryseobacterium scophthalmum	hypothetical_unknown	0.357	0.759	1.0	170.0	174.0	KKKKP	Yes	II IV	Hypothetical protein	Hypothetical protein	Hypothetical protein	SH3 domain-containing protein	Hypothetical protein | Hypothetical protein | Hypothetical protein | SH3 domain-containing protein			
JACAWY010000001.1_2732	JACAWY010000001.1_2732	Pantoea_nemavictus	Pantoea nemavictus	hypothetical_unknown	0.529	0.697	1.0	18.0	28.0	RRHRRRQSLSR	yes	I III VI	Hypothetical protein	Hypothetical protein	Hypothetical protein	NfeD-like C-terminal domain-containing protein	Hypothetical protein | Hypothetical protein | Hypothetical protein | NfeD-like C-terminal domain-containing protein			
CP058555.1_1461	ENA|CP058555|CP058555.1_1461	Sphingobacterium_multivorum	Sphingobacterium moltivorum	hypothetical_unknown	0.872	0.794	1.0	47.0	60.0	KEGKRCKKCPGRKK	yes	I III IV VI	Hypothetical protein	alpha/beta hydrolase	 alpha/beta hydrolase	NH	Hypothetical protein | alpha/beta hydrolase | alpha/beta hydrolase			
NZ_SLYP02000001.1_1471	NZ_SLYP02000001.1_1471	Sphingomonas_molluscorum	Sphingomonas molluscorum	hypothetical_unknown	0.509	0.895	1.0	98.0	127.0	RGWRWVRRRQRSGRKQCCGSGRHPRTAMRR	yes	VI	Hypothetical protein	DUF3883 domain-containing protein [Sphingobium sp.]	DUF3883 domain-containing protein [Sphingobium sp.]	DUF3883 domain-containing protein	Hypothetical protein | DUF3883 domain-containing protein [Sphingobium sp.] | DUF3883 domain-containing protein [Sphingobium sp.] | DUF3883 domain-containing protein			
NZ_SLYP02000001.1_281	NZ_SLYP02000001.1_281	Sphingomonas_molluscorum	Sphingomonas molluscorum	hypothetical_unknown	0.575	0.977	1.0	83.0	103.0	RTLALRRRHRRGRCRRPHRRR	no	-	Hypothetical protein	hypothetical protein	hypothetical protein	NH	Hypothetical protein | hypothetical protein | hypothetical protein			
JACAWX010000001.1_287	JACAWX010000001.1_287	Stenotrophomonas_indicatrix	Stenotrophomonas indicatrix	hypothetical_unknown	0.537	0.915	1.0	144.0	171.0	RRPTRRLDSPRAAARLHLAKKRSERLRK	yes	II III IV VI	Hypothetical protein	deaminase domain-containing protein 	deaminase domain-containing protein [Burkholderia sp. Ac-20379]	Deaminase domain-containing protein	Hypothetical protein | deaminase domain-containing protein | deaminase domain-containing protein [Burkholderia sp. Ac-20379] | Deaminase domain-containing protein			
JAFBBF010000001.1_1941	JAFBBF010000001.1_1941	Chryseobacterium_scophthalmum	Chryseobacterium scophthalmum	nuclease_endonuclease	0.96	0.833	1.0	957.0	975.0	KAAKLLSKTGIGKLGKKKE	Yes	III VI	"Endonuclease
Phage tail protein"	- 	"DNA/RNA non-specific endonuclease [Chryseobacterium]
"	Ntox15 domain-containing protein	"Endonuclease
Phage tail protein | DNA/RNA non-specific endonuclease [Chryseobacterium] | Ntox15 domain-containing protein"			
JAFBBF010000001.1_1965	JAFBBF010000001.1_1965	Chryseobacterium_scophthalmum	Chryseobacterium scophthalmum	nuclease_endonuclease	0.764	0.728	4.0	145.0	149.0	KPKQK	Yes	I III IV VI	AHH domin-containing protein [Chryseobacterium]	AHH domin-containing protein [Chryseobacterium]	AHH domin-containing protein [Chryseobacterium]	HNH endonuclease	AHH domin-containing protein [Chryseobacterium] | AHH domin-containing protein [Chryseobacterium] | AHH domin-containing protein [Chryseobacterium] | HNH endonuclease			
CP058554.1_3501	ENA|CP058554|CP058554.1_3501	Comamonas_piscis	Comamonas piscis	nuclease_endonuclease	0.799	0.887	1.0	17.0	27.0	KRSAKKKKASS	Yes	II VI	DNA/RNA non-specific endonuclease	DNA/RNA non-specific endonuclease [Comamonas piscis]	DNA/RNA non-specific endonuclease [Comamonas piscis]	Endonuclease	DNA/RNA non-specific endonuclease | DNA/RNA non-specific endonuclease [Comamonas piscis] | DNA/RNA non-specific endonuclease [Comamonas piscis] | Endonuclease | matched 585595: Nuclease precursor & Signal peptide detected			
CP058553.1_3778	ENA|CP058553|CP058553.1_3778	Enterobacter_hormaechei	Enterobacter hormaechei	nuclease_endonuclease	0.781	0.88	1.0	129.0	159.0	KYKKVKSKNGNTYLIDTTKKSSKRNPKLARE	Yes	VI	Hypothetical protein	terminase small subunit [Enterobacter roggenkampii]	terminase small subunit [Enterobacter roggenkampii]	HNH endonuclease	Hypothetical protein | terminase small subunit [Enterobacter roggenkampii] | terminase small subunit [Enterobacter roggenkampii] | HNH endonuclease			
NZ_RJVC02000001.1_2698	NZ_RJVC02000001.1_2698	Lelliottia_amnigena	Lelliottia amnigena	other_function	0.958	0.727	1.0	146.0	150.0	GKAKK	no	-	Inovirus Gp2 family protein 	YagK/YfjJ domain-containing protein [Lelliottia amnigena]	YagK/YfjJ domain-containing protein [Lelliottia amnigena]	Inovirus Gp2 family protein	Inovirus Gp2 family protein | YagK/YfjJ domain-containing protein [Lelliottia amnigena] | YagK/YfjJ domain-containing protein [Lelliottia amnigena] | Inovirus Gp2 family protein			
CP059139.1_349	CP059139.1_349	Pseudomonas_berkeleyensis	Pseudomonas berkeleyensis	other_function	0.479	0.75	2.0	54.0	61.0	KLHKARSK	no	-	AlgP family protein	-	-	Transcriptional regulatory protein AlgP	AlgP family protein | Transcriptional regulatory protein AlgP			
CP058555.1_949	ENA|CP058555|CP058555.1_949	Sphingobacterium_multivorum	Sphingobacterium moltivorum	other_function	0.324	0.682	1.0	32.0	41.0	SYRSHGKRKK	yes	I VI	NH	-	-	ARID domain-containing protein	ARID domain-containing protein			
CP058272.1_975	ENA|CP058272|CP058272.1_975	Acinetobacter_guillouiae	Acinetobacter guillouiae	phage_related	0.686	0.824	1.0	128.0	137.0	KGRKARGRKS	Yes	I III VI	Hypothetical protein	putative bacteriophage protein [Acinetobacter baumannii SDF]	putative bacteriophage protein [Acinetobacter baumannii SDF]	Putative bacteriophage protein	Hypothetical protein | putative bacteriophage protein [Acinetobacter baumannii SDF] | putative bacteriophage protein [Acinetobacter baumannii SDF] | Putative bacteriophage protein			
NZ_RJVC02000001.1_4210	NZ_RJVC02000001.1_4210	Lelliottia_amnigena	Lelliottia amnigena	phage_related	0.56	0.928	1.0	4.0	28.0	KRKPKEKHLRALQHPKAAKTTTKAK	yes	III VI	Phage late control D family protein	Late Control D family protein [Enterobacter cloacae]	 	NH	Phage late control D family protein | Late Control D family protein [Enterobacter cloacae]			
PCOC01000001.1_1229	PCOC01000001.1_1229	Ochrobactrum_vermis	Ochrobactrum vermis	phage_related	0.504	0.936	1.0	431.0	441.0	KSKKGRKRRGK	no	-	Phage tail length tape measure family protein	-	-	TMP_2 domain-containing protein	Phage tail length tape measure family protein | TMP_2 domain-containing protein | CytoplasmicMembrane --> 4 internal helices found & Signal peptide detected			
PCOC01000001.1_2548	PCOC01000001.1_2548	Ochrobactrum_vermis	Ochrobactrum vermis	phage_related	0.487	0.956	1.0	142.0	162.0	RKAKRRVRDAINKAVRKARGK	yes	VI	HK97 gp10 family phage protein	HK97 gp10 family phage protein [Ochrobactrum vermis]	-	Dynamin N-terminal domain-containing protein	HK97 gp10 family phage protein | HK97 gp10 family phage protein [Ochrobactrum vermis] | Dynamin N-terminal domain-containing protein			
NZ_SLYP02000001.1_2596	NZ_SLYP02000001.1_2596	Sphingomonas_molluscorum	Sphingomonas molluscorum	phage_related	0.391	0.879	2.0	106.0	123.0	RVKKRRATGNGKTSERKI	yes	VI	Hypothetical protein	HK97 gp10 family phage protein	HK97 family phage protein	Putative membrane protein	Hypothetical protein | HK97 gp10 family phage protein | HK97 family phage protein | Putative membrane protein			
CP058554.1_2187	ENA|CP058554|CP058554.1_2187	Comamonas_piscis	Comamonas piscis	secretion_system_related	0.879	0.73	1.0	439.0	446.0	RRRPSGNK	Yes	I II IV	Hypothetical protein	DUF11 domain-containing protein [Acidovorax sp. Leaf160]	DUF11 domain-containing protein [Acidovorax sp. Leaf160]	DUF11 domain-containing protein	"Hypothetical protein | DUF11 domain-containing protein [Acidovorax sp. Leaf160] | DUF11 domain-containing protein [Acidovorax sp. Leaf160] | DUF11 domain-containing protein | ?? --> ""Signal peptide detected"""			
CP058553.1_3193	ENA|CP058553|CP058553.1_3193	Enterobacter_hormaechei	Enterobacter hormaechei	secretion_system_related	0.955	0.857	1.0	47.0	60.0	RKKKTTSKTVKKKI	No	-	C40 family peptidase	C40 family peptidase [Enterobacter]	NlpC/P60 family protein [Enterobacter hormaechei]	Lipoprotein/Putative endopeptidase YafL	C40 family peptidase | C40 family peptidase [Enterobacter] | NlpC/P60 family protein [Enterobacter hormaechei] | Lipoprotein/Putative endopeptidase YafL | multiple localization sites --> matched 729424: Cytoplasmic protein & Signal peptide detected			
NZ_RJVC02000001.1_4055	NZ_RJVC02000001.1_4055	Lelliottia_amnigena	Lelliottia amnigena	secretion_system_related	0.806	0.931	1.0	47.0	82.0	RKKKTTSKNEKKKTATHKQQTFSSKTSKPAAKKSRK	no	-	C40 family peptidase	C40 family peptidase [Lelliottia amnigena]	C40 family peptidase [Lelliottia amnigena]	Lipoprotein with peptidase activity	C40 family peptidase | C40 family peptidase [Lelliottia amnigena] | C40 family peptidase [Lelliottia amnigena] | Lipoprotein with peptidase activity | multiple localization sites --> matched 729424: Cytoplasmic protein & Signal peptide detected			
CP058555.1_1061	ENA|CP058555|CP058555.1_1061	Sphingobacterium_multivorum	Sphingobacterium moltivorum	secretion_system_related	0.83	0.684	1.0	372.0	382.0	KGKAKVKFRGK	yes	II III IV	Right-handed parallel beta-helix repeat-containing protein	-	-	T9SS type A sorting domain-containing protein/ Pectate lyase superfamily protein domain-containing protein	Right-handed parallel beta-helix repeat-containing protein | T9SS type A sorting domain-containing protein/ Pectate lyase superfamily protein domain-containing protein			
NZ_SLYP02000001.1_2393	NZ_SLYP02000001.1_2393	Sphingomonas_molluscorum	Sphingomonas molluscorum	secretion_system_related	0.742	0.715	1.0	86.0	88.0	RRA	yes	I	PEP-CTERM sorting domain-containing protein	PEP-CTERM sorting domain-containing protein	PEP-CTERM sorting domain-containing protein	NH	PEP-CTERM sorting domain-containing protein | PEP-CTERM sorting domain-containing protein | PEP-CTERM sorting domain-containing protein | CytoplasmicMembrane --> 2 internal helices found & Signal peptide detected			
NZ_SLYP02000002.1_201	NZ_SLYP02000002.1_201	Sphingomonas_molluscorum	Sphingomonas molluscorum	secretion_system_related	0.554	0.945	1.0	109.0	123.0	PMKKAKPAAKKKTAK	no	-	Hypothetical protein	Hypotetical	Copper resistance protein B	NH	"Hypothetical protein | Hypotetical | Copper resistance protein B | multiple localization sites --> 1 internal helix found"" & Signal peptide detected"			
CP058272.1_1133	ENA|CP058272|CP058272.1_1133	Acinetobacter_guillouiae	Acinetobacter guillouiae	toxin_cytotoxic	0.761	0.86	1.0	1461.0	1480.0	RKERERLERQEAELKRKEKR	Yes	II III VI	RHS repeat-associated core domain-containing protein	-	-		RHS repeat-associated core domain-containing protein			
JACAWY010000001.1_2931	JACAWY010000001.1_2931	Pantoea_nemavictus	Pantoea nemavictus	toxin_cytotoxic	0.671	0.628	1.0	525.0	528.0	AKKN	yes	VI	T6SS phospholipase effector Tle1-like catalytic domain-containing protein	-	-	DUF2235 domain-containing protein	T6SS phospholipase effector Tle1-like catalytic domain-containing protein | DUF2235 domain-containing protein			
CP023272.1_2980	ENA|CP023272|CP023272.1_2980	Pseudomonas_lurida	Pseudomonas lurida	toxin_cytotoxic	0.912	0.757	1.0	1324.0	1335.0	KNPAKRVFKTRK	yes	III VI	Dermonecrotic toxin domain-containing protein	-	-	Dermonecrotic toxin N-terminal domain-containing protein	Dermonecrotic toxin domain-containing protein | Dermonecrotic toxin N-terminal domain-containing protein			
CP023272.1_4464	ENA|CP023272|CP023272.1_4464	Pseudomonas_lurida	Pseudomonas lurida	toxin_cytotoxic	0.787	0.956	1.0	321.0	343.0	KRKTRKRNGGGLRERWKDAKGKR	yes	I II III IV VI	S-type pyocin domain-containing protein	S-type pyocin domain-containing protein [Pseudomonas]		Cytotoxic	S-type pyocin domain-containing protein | S-type pyocin domain-containing protein [Pseudomonas] | Cytotoxic			
CP023272.1_5354	ENA|CP023272|CP023272.1_5354	Pseudomonas_lurida	Pseudomonas lurida	toxin_cytotoxic	0.729	0.872	1.0	1424.0	1454.0	GPKNKRRDIYLAAADKHRGVKPQKPTSKPKG	yes	VI	RHS repeat-associated core domain-containing protein	-	-	Type IV secretion protein Rhs	RHS repeat-associated core domain-containing protein | Type IV secretion protein Rhs | multiple localization sites --> 2 internal helices found & Signal peptide detected			
CP023272.1_5387	ENA|CP023272|CP023272.1_5387	Pseudomonas_lurida	Pseudomonas lurida	toxin_cytotoxic	0.842	0.785	2.0	931.0	942.0	FRSRLKGRQRLR	yes	III VI	Dermonecrotic toxin domain-containing protein	-	-	Dermonecrotic toxin N-terminal domain-containing protein	Dermonecrotic toxin domain-containing protein | Dermonecrotic toxin N-terminal domain-containing protein			
JAFBBF010000001.1_3324	JAFBBF010000001.1_3324	Chryseobacterium_scophthalmum	Chryseobacterium scophthalmum	transport_membrane	0.675	0.9	1.0	194.0	203.0	KLKKEFRKKK	No	-	TonB-dependent receptor plug domain-containing protein	TonB-dependent receptor plug domain-containing protein [Chryseobacterium]	TonB-dependent receptor plug domain-containing protein [Chryseobacterium]	TonB-dependent receptor plug domain protein	TonB-dependent receptor plug domain-containing protein | TonB-dependent receptor plug domain-containing protein [Chryseobacterium] | TonB-dependent receptor plug domain-containing protein [Chryseobacterium] | TonB-dependent receptor plug domain protein			
JAFBBF010000001.1_3489	JAFBBF010000001.1_3489	Chryseobacterium_scophthalmum	Chryseobacterium scophthalmum	transport_membrane	0.301	0.7	2.0	71.0	71.0	K	No	-	Hypothetical protein	Hypotetical protein  	Hypotetical protein  	ABC transporter permease	Hypothetical protein | Hypotetical protein | Hypotetical protein | ABC transporter permease			
CP058554.1_1008	ENA|CP058554|CP058554.1_1008	Comamonas_piscis	Comamonas piscis	transport_membrane	0.897	0.727	1.0	155.0	158.0	KKKS	No	-	NH	-	MMPL family transporter [Mycobacterium sp. MS1601] - Peor que el humbral  	NH	MMPL family transporter [Mycobacterium sp. MS1601] - Peor que el humbral			
CP058554.1_2444	ENA|CP058554|CP058554.1_2444	Comamonas_piscis	Comamonas piscis	transport_membrane	0.705	0.756	1.0	101.0	108.0	PRKPAARR	Yes 	III VI	Hypothetical protein	Hypothetical protein	Hypothetical protein	Amino acid transporter transmembrane domain-containing protein	Hypothetical protein | Hypothetical protein | Hypothetical protein | Amino acid transporter transmembrane domain-containing protein			
